{
  "overall": {
    "ece": 0.0777,
    "brier": 0.0535,
    "mean_variance": 0.0004
  },
  "per_event": {
    "Bolivia": {
      "ece": 0.0777,
      "brier": 0.0535,
      "mean_variance": 0.0004,
      "n_chips": 15
    }
  },
  "calibration": {
    "bin_accs": [
      0.0010830460814759135,
      0.004671578761190176,
      0.0116824796423316,
      0.055670835077762604,
      0.15931354463100433,
      0.2421640008687973,
      0.33184781670570374,
      0.42440065741539,
      0.537158727645874,
      0.6364357471466064,
      0.7159758806228638,
      0.7446838617324829,
      0.722817063331604,
      0.7447407245635986,
      0.9094333648681641
    ],
    "bin_confs": [
      0.0310965608805418,
      0.10072468966245651,
      0.16054154932498932,
      0.23292578756809235,
      0.2941075563430786,
      0.3646372854709625,
      0.43174219131469727,
      0.49951526522636414,
      0.5670592784881592,
      0.6340202689170837,
      0.7008993625640869,
      0.7659432888031006,
      0.8341390490531921,
      0.9034122228622437,
      0.9777415990829468
    ]
  }
}