{
  "checkpoint": "checkpoints/variant_D/best.pt",
  "variant": "D",
  "split": "test",
  "T": 20,
  "n_bins": 20,
  "interpretation": "No/negative correlation \u2014 uncertainty does not align with errors.",
  "bin_centers": [
    1.1e-05,
    2.8e-05,
    4.4e-05,
    6.1e-05,
    8.1e-05,
    0.000105,
    0.000133,
    0.000167,
    0.000204,
    0.000243,
    0.000285,
    0.000331,
    0.00038,
    0.000433,
    0.000493,
    0.000563,
    0.000648,
    0.000764,
    0.00095,
    0.001537
  ],
  "bin_error_rates": [
    0.1153,
    0.0823,
    0.0744,
    0.0741,
    0.0741,
    0.0794,
    0.0853,
    0.0872,
    0.0803,
    0.0705,
    0.0619,
    0.0511,
    0.0443,
    0.0395,
    0.0375,
    0.0337,
    0.0324,
    0.0334,
    0.0334,
    0.0238
  ],
  "bin_counts": [
    143391,
    143391,
    143391,
    143390,
    143391,
    143391,
    143390,
    143391,
    143391,
    143390,
    143391,
    143391,
    143391,
    143390,
    143390,
    143392,
    143390,
    143391,
    143391,
    143391
  ],
  "pearson_r": -0.8152,
  "pearson_p": 1.2e-05,
  "spearman_rho": -0.9038,
  "spearman_p": 0.0,
  "total_pixels": 2867815,
  "overall_error_rate": 0.0607,
  "overall_mean_var": 0.000373
}