{
  "overall": {
    "ece": 0.0775,
    "brier": 0.0533,
    "mean_variance": 0.0004
  },
  "per_event": {
    "Bolivia": {
      "ece": 0.0775,
      "brier": 0.0533,
      "mean_variance": 0.0004,
      "n_chips": 15
    }
  },
  "calibration": {
    "bin_accs": [
      0.0007403844501823187,
      0.00441551161929965,
      0.011842242442071438,
      0.055884912610054016,
      0.1614033430814743,
      0.2493038922548294,
      0.33951088786125183,
      0.43998149037361145,
      0.5480000972747803,
      0.633777379989624,
      0.695012092590332,
      0.7246533632278442,
      0.733418881893158,
      0.7630587220191956,
      0.9146353602409363
    ],
    "bin_confs": [
      0.0311137568205595,
      0.10003380477428436,
      0.16120420396327972,
      0.2326681911945343,
      0.2938700318336487,
      0.36435866355895996,
      0.43175140023231506,
      0.4997793436050415,
      0.5670148134231567,
      0.6336109042167664,
      0.7006810903549194,
      0.7668321132659912,
      0.8341702818870544,
      0.9028245806694031,
      0.9770978689193726
    ]
  }
}