class,pixel_count,fraction
0,21059731,0.898870
1,2369391,0.101130
2,0,0.000000
other,0,0.000000
