{
  "variant": "C",
  "overall": {
    "iou": 0.5577,
    "f1": 0.7161,
    "precision": 0.6646,
    "recall": 0.7761,
    "accuracy": 0.9024,
    "tp": 353037,
    "fp": 178136,
    "fn": 101827,
    "tn": 2234815,
    "ece": 0.045,
    "brier": 0.0714,
    "mean_variance": 0.0
  },
  "per_event": {
    "Bolivia": {
      "iou": 0.5577,
      "f1": 0.7161,
      "precision": 0.6646,
      "recall": 0.7761,
      "accuracy": 0.9024,
      "tp": 353037,
      "fp": 178136,
      "fn": 101827,
      "tn": 2234815,
      "ece": 0.045,
      "brier": 0.0714,
      "mean_variance": 0.0,
      "n_chips": 15
    }
  },
  "calibration": {
    "bin_accs": [
      0.0040528131648898125,
      0.06212092563509941,
      0.11665342003107071,
      0.17941595613956451,
      0.24402783811092377,
      0.31162357330322266,
      0.3865422010421753,
      0.4877253472805023,
      0.49414506554603577,
      0.5147037506103516,
      0.5539765954017639,
      0.6064297556877136,
      0.6635332107543945,
      0.7108870148658752,
      0.7800523042678833
    ],
    "bin_confs": [
      0.017197009176015854,
      0.09404553472995758,
      0.1639796495437622,
      0.23184984922409058,
      0.2993723452091217,
      0.3661755621433258,
      0.4331893026828766,
      0.5018411874771118,
      0.5650026202201843,
      0.6321457624435425,
      0.6999348402023315,
      0.7672420740127563,
      0.8350021243095398,
      0.9031978845596313,
      0.9724904298782349
    ]
  }
}