{
  "overall": {
    "ece": 0.0737,
    "brier": 0.0471,
    "mean_variance": 0.0005
  },
  "per_event": {
    "Bolivia": {
      "ece": 0.0737,
      "brier": 0.0471,
      "mean_variance": 0.0005,
      "n_chips": 15
    }
  },
  "calibration": {
    "bin_accs": [
      0.0006205490208230913,
      0.005935372319072485,
      0.021584615111351013,
      0.05320345610380173,
      0.13251416385173798,
      0.21436968445777893,
      0.2778509855270386,
      0.3419664204120636,
      0.40224719047546387,
      0.4621022343635559,
      0.522900402545929,
      0.5871536731719971,
      0.6924821734428406,
      0.8369101285934448,
      0.9612876772880554
    ],
    "bin_confs": [
      0.038877349346876144,
      0.09107113629579544,
      0.1641150563955307,
      0.23258987069129944,
      0.2981317341327667,
      0.36301353573799133,
      0.4317900538444519,
      0.49917152523994446,
      0.5666034817695618,
      0.6335470080375671,
      0.7012099623680115,
      0.7679160833358765,
      0.8353148698806763,
      0.9050408601760864,
      0.966677188873291
    ]
  }
}