{
  "n_chips": 15,
  "total_pixels": 3932160,
  "det_exposure": 2412.4443359375,
  "prob_threshold": 0.5,
  "max_variance": 0.0024217998143285513,
  "mean_variance": 0.0003435862890910357,
  "tau": [
    4.748627086918728e-05,
    9.497254173837456e-05,
    0.00014245881260756184,
    0.00018994508347674913,
    0.0002374313543459364,
    0.0002849176252151237,
    0.00033240389608431097,
    0.00037989016695349825,
    0.00042737643782268553,
    0.0004748627086918728,
    0.00052234897956106,
    0.0005698352504302474,
    0.0006173215212994347,
    0.0006648077921686219,
    0.0007122940630378092,
    0.0007597803339069965,
    0.0008072666047761838,
    0.0008547528756453711,
    0.0009022391465145583,
    0.0009497254173837456,
    0.000997211688252933,
    0.00104469795912212,
    0.0010921842299913074,
    0.0011396705008604948,
    0.001187156771729682,
    0.0012346430425988694,
    0.0012821293134680565,
    0.0013296155843372439,
    0.0013771018552064312,
    0.0014245881260756183,
    0.0014720743969448057,
    0.001519560667813993,
    0.0015670469386831803,
    0.0016145332095523677,
    0.0016620194804215548,
    0.0017095057512907421,
    0.0017569920221599295,
    0.0018044782930291166,
    0.001851964563898304,
    0.0018994508347674913,
    0.0019469371056366786,
    0.001994423376505866,
    0.002041909647375053,
    0.00208939591824424,
    0.0021368821891134277,
    0.002184368459982615,
    0.0022318547308518024,
    0.0022793410017209895,
    0.0023268272725901766,
    0.002374313543459364,
    0.0024217998143285513
  ],
  "coverage": [
    0.14542083740234374,
    0.28623860677083335,
    0.37183507283528644,
    0.42718098958333334,
    0.47505086263020835,
    0.5228731791178386,
    0.5716041564941406,
    0.620427958170573,
    0.6680923461914062,
    0.7132667541503906,
    0.7548548380533854,
    0.7917350769042969,
    0.8233805338541667,
    0.8501881917317708,
    0.8727938334147135,
    0.8917844136555989,
    0.9078633626302083,
    0.92158203125,
    0.9332227071126302,
    0.9433873494466146,
    0.9522590637207031,
    0.9599693298339844,
    0.9666778564453125,
    0.9726155598958334,
    0.9779841105143229,
    0.9827061971028646,
    0.9867329915364583,
    0.9900240580240885,
    0.9926261901855469,
    0.9945955912272135,
    0.996105448404948,
    0.9971694946289062,
    0.997930399576823,
    0.9985145568847656,
    0.9989603678385417,
    0.9993146260579427,
    0.9995684305826823,
    0.999730936686198,
    0.9998420715332031,
    0.99991455078125,
    0.999951171875,
    0.9999707539876302,
    0.9999801635742187,
    0.9999888102213542,
    0.9999933878580729,
    0.9999961853027344,
    0.9999972025553385,
    0.9999977111816406,
    0.9999984741210938,
    0.9999992370605468,
    1.0
  ],
  "exposure": [
    0.12025707960128784,
    15.854445457458496,
    109.70431518554688,
    263.61322021484375,
    442.61358642578125,
    627.3344116210938,
    796.5929565429688,
    947.9088745117188,
    1089.4539794921875,
    1222.61865234375,
    1348.158935546875,
    1461.3175048828125,
    1558.2021484375,
    1640.649658203125,
    1711.874755859375,
    1776.0423583984375,
    1835.4361572265625,
    1890.9456787109375,
    1944.732666015625,
    1997.3607177734375,
    2047.43896484375,
    2095.696533203125,
    2140.854736328125,
    2184.02685546875,
    2226.005126953125,
    2264.57763671875,
    2298.528076171875,
    2326.523681640625,
    2349.16650390625,
    2366.17724609375,
    2379.364013671875,
    2388.46826171875,
    2394.948486328125,
    2399.963134765625,
    2403.812744140625,
    2406.8583984375,
    2409.088623046875,
    2410.54736328125,
    2411.476806640625,
    2412.013916015625,
    2412.24169921875,
    2412.349853515625,
    2412.398681640625,
    2412.430419921875,
    2412.44140625,
    2412.44384765625,
    2412.444091796875,
    2412.442626953125,
    2412.443603515625,
    2412.443359375,
    2412.4443359375
  ],
  "p_flood_mean_trusted": [
    0.24062873423099518,
    0.22231079638004303,
    0.21505114436149597,
    0.2132704108953476,
    0.21277187764644623,
    0.21174919605255127,
    0.21014852821826935,
    0.20819209516048431,
    0.20668399333953857,
    0.20585359632968903,
    0.2056061327457428,
    0.2057601660490036,
    0.20606406033039093,
    0.20648624002933502,
    0.2072356641292572,
    0.20839034020900726,
    0.20994728803634644,
    0.2118079513311386,
    0.21400044858455658,
    0.21652011573314667,
    0.21913202106952667,
    0.2217954695224762,
    0.22444108128547668,
    0.22704379260540009,
    0.22967445850372314,
    0.2321317344903946,
    0.23430418968200684,
    0.2361098825931549,
    0.23755967617034912,
    0.23866449296474457,
    0.23951108753681183,
    0.2400909811258316,
    0.240508034825325,
    0.24082264304161072,
    0.24107280373573303,
    0.24126997590065002,
    0.2414126843214035,
    0.2415042221546173,
    0.2415635883808136,
    0.2415955662727356,
    0.24160847067832947,
    0.2416127771139145,
    0.2416147142648697,
    0.24161574244499207,
    0.2416156381368637,
    0.24161526560783386,
    0.24161496758460999,
    0.24161472916603088,
    0.2416144609451294,
    0.24161437153816223,
    0.24161426723003387
  ],
  "exposure_at_70pct_coverage": 1222.61865234375,
  "tau_at_70pct_coverage": 0.0004748627086918728
}