{
  "VV_pre": [
    -10.29615503500451,
    4.448370548140637
  ],
  "VH_pre": [
    -16.999668485188224,
    5.450581943740652
  ],
  "VV_post": [
    -10.29615503500451,
    4.448370548140637
  ],
  "VH_post": [
    -16.999668485188224,
    5.450581943740652
  ],
  "VV_VH_ratio": [
    6.703513531894474,
    3.5830872799795745
  ],
  "HAND": [
    9.346447475423481,
    28.329799414187
  ]
}