{
  "variant": "D",
  "overall": {
    "iou": 0.6894,
    "f1": 0.8162,
    "precision": 0.7851,
    "recall": 0.8498,
    "accuracy": 0.9393,
    "tp": 386542,
    "fp": 105802,
    "fn": 68322,
    "tn": 2307149,
    "ece": 0.3638,
    "brier": 0.1949,
    "mean_variance": 0.0004
  },
  "per_event": {
    "Bolivia": {
      "iou": 0.6894,
      "f1": 0.8162,
      "precision": 0.7851,
      "recall": 0.8498,
      "accuracy": 0.9393,
      "tp": 386542,
      "fp": 105802,
      "fn": 68322,
      "tn": 2307149,
      "ece": 0.3638,
      "brier": 0.1949,
      "mean_variance": 0.0004,
      "n_chips": 15
    }
  },
  "calibration": {
    "bin_accs": [
      0.0,
      0.0,
      0.0,
      0.0,
      0.0,
      0.00020423925889190286,
      0.004657023586332798,
      0.29476696252822876,
      0.800187885761261,
      0.9576324224472046,
      0.998773992061615,
      0.0,
      0.0,
      0.0,
      0.0
    ],
    "bin_confs": [
      0.0,
      0.0,
      0.0,
      0.0,
      0.32871413230895996,
      0.38755881786346436,
      0.43463048338890076,
      0.48981180787086487,
      0.5647958517074585,
      0.6257014870643616,
      0.671693742275238,
      0.0,
      0.0,
      0.0,
      0.0
    ]
  }
}