{
  "variant": "D",
  "overall": {
    "iou": 0.6874,
    "f1": 0.8147,
    "precision": 0.793,
    "recall": 0.8378,
    "accuracy": 0.9396,
    "tp": 381066,
    "fp": 99499,
    "fn": 73798,
    "tn": 2313452,
    "ece": 0.3608,
    "brier": 0.1954,
    "mean_variance": 0.0004
  },
  "per_event": {
    "Bolivia": {
      "iou": 0.6874,
      "f1": 0.8147,
      "precision": 0.793,
      "recall": 0.8378,
      "accuracy": 0.9396,
      "tp": 381066,
      "fp": 99499,
      "fn": 73798,
      "tn": 2313452,
      "ece": 0.3608,
      "brier": 0.1954,
      "mean_variance": 0.0004,
      "n_chips": 15
    }
  },
  "calibration": {
    "bin_accs": [
      0.0,
      0.0,
      0.0,
      0.0,
      0.0,
      0.00015193123545031995,
      0.004677576012909412,
      0.3156946897506714,
      0.8189030885696411,
      0.9701899290084839,
      1.0,
      0.0,
      0.0,
      0.0,
      0.0
    ],
    "bin_confs": [
      0.0,
      0.0,
      0.0,
      0.0,
      0.32801058888435364,
      0.3876320719718933,
      0.4343640208244324,
      0.49007442593574524,
      0.56532883644104,
      0.6200313568115234,
      0.6697394251823425,
      0.0,
      0.0,
      0.0,
      0.0
    ]
  }
}