{
  "variant": "D",
  "overall": {
    "iou": 0.6904,
    "f1": 0.8168,
    "precision": 0.7877,
    "recall": 0.8482,
    "accuracy": 0.9397,
    "tp": 385827,
    "fp": 103992,
    "fn": 69037,
    "tn": 2308959,
    "ece": 0.3632,
    "brier": 0.1953,
    "mean_variance": 0.0004
  },
  "per_event": {
    "Bolivia": {
      "iou": 0.6904,
      "f1": 0.8168,
      "precision": 0.7877,
      "recall": 0.8482,
      "accuracy": 0.9397,
      "tp": 385827,
      "fp": 103992,
      "fn": 69037,
      "tn": 2308959,
      "ece": 0.3632,
      "brier": 0.1953,
      "mean_variance": 0.0004,
      "n_chips": 15
    }
  },
  "calibration": {
    "bin_accs": [
      0.0,
      0.0,
      0.0,
      0.0,
      0.0,
      0.00019116973271593451,
      0.004499177448451519,
      0.3024832308292389,
      0.802097499370575,
      0.9617747068405151,
      0.9902724027633667,
      0.0,
      0.0,
      0.0,
      0.0
    ],
    "bin_confs": [
      0.0,
      0.0,
      0.0,
      0.0,
      0.328715056180954,
      0.3884252905845642,
      0.4342164397239685,
      0.4898432195186615,
      0.5664670467376709,
      0.6239445805549622,
      0.6707614660263062,
      0.0,
      0.0,
      0.0,
      0.0
    ]
  }
}