{
  "Bolivia_103757": 0.7344273663803544,
  "Bolivia_129334": 0.6447912715007604,
  "Bolivia_195474": 0.7481860956645167,
  "Bolivia_23014": 0.7541251773112971,
  "Bolivia_233925": 0.513617184907693,
  "Bolivia_242570": 0.5804806394510146,
  "Bolivia_290290": 0.7019622322533828,
  "Bolivia_294583": 0.6669755926125134,
  "Bolivia_312675": 0.6866109073996569,
  "Bolivia_314919": 0.6415664857941137,
  "Bolivia_360519": 0.7466068379890264,
  "Bolivia_379434": 0.7509583548343158,
  "Bolivia_432776": 0.7181524558048973,
  "Bolivia_60373": 0.7640192965574426,
  "Bolivia_76104": 0.6974107473801636
}