{
  "thresholds": [
    6.996835116297007e-05,
    0.00013993670232594015,
    0.00020990505348891022,
    0.0002798734046518803,
    0.00034984175581485036,
    0.00041981010697782044,
    0.0004897784581407905,
    0.0005597468093037606,
    0.0006297151604667307,
    0.0006996835116297007,
    0.0007696518627926707,
    0.0008396202139556409,
    0.000909588565118611,
    0.000979556916281581,
    0.001049525267444551,
    0.0011194936186075212,
    0.0011894619697704913,
    0.0012594303209334614,
    0.0013293986720964313,
    0.0013993670232594015,
    0.0014693353744223716,
    0.0015393037255853415,
    0.0016092720767483116,
    0.0016792404279112817,
    0.0017492087790742519,
    0.001819177130237222,
    0.001889145481400192,
    0.001959113832563162,
    0.002029082183726132,
    0.002099050534889102,
    0.0021690188860520724,
    0.0022389872372150423,
    0.0023089555883780122,
    0.0023789239395409826,
    0.0024488922907039525,
    0.002518860641866923,
    0.0025888289930298927,
    0.0026587973441928626,
    0.002728765695355833,
    0.002798734046518803,
    0.002868702397681773,
    0.002938670748844743,
    0.003008639100007713,
    0.003078607451170683,
    0.0031485758023336533,
    0.0032185441534966232,
    0.0032885125046595936,
    0.0033584808558225635,
    0.0034284492069855334,
    0.0034984175581485033
  ],
  "coverage": [
    0.19827778291138026,
    0.32658487384995194,
    0.41077056923127886,
    0.49061986215986736,
    0.5692180283595699,
    0.6419113506275683,
    0.7056229219806717,
    0.75973101472724,
    0.8046202422401724,
    0.8417387453514261,
    0.8720977468909257,
    0.8967123053613988,
    0.9164025573476672,
    0.9324360183624119,
    0.9456900113849743,
    0.9567370977556083,
    0.9660344199329455,
    0.9737204108354269,
    0.9800349743620143,
    0.9849676495868807,
    0.9888587652969246,
    0.9919286983295645,
    0.9942325428941546,
    0.9959526677976089,
    0.9971417263665892,
    0.9979779030376785,
    0.9985543000507355,
    0.9989594865777605,
    0.9992565768712417,
    0.9994738154309117,
    0.9996401441515579,
    0.9997527734529599,
    0.9998399478348499,
    0.9998891141862358,
    0.9999253787291021,
    0.9999494388585037,
    0.9999661763398267,
    0.9999780320557637,
    0.9999846573087874,
    0.999991282561811,
    0.999994420839559,
    0.9999958156296693,
    0.9999965130247244,
    0.999997559117307,
    0.9999986052098898,
    0.9999993026049449,
    0.9999993026049449,
    0.9999996513024725,
    0.9999996513024725,
    1.0
  ],
  "risk": [
    0.9799079201408779,
    0.8485512129380054,
    0.7322916975647377,
    0.6522592664683147,
    0.5942164263641059,
    0.5470877502261604,
    0.5062766899237164,
    0.4715888504924721,
    0.4426109155223332,
    0.4187378129932836,
    0.3998831381999889,
    0.385220651860398,
    0.3738038502887162,
    0.3642744890367756,
    0.35552933979988643,
    0.3474277988386285,
    0.3398849860424743,
    0.3331777530477985,
    0.327555768324689,
    0.32316384391415054,
    0.31969785715075094,
    0.3168944323735613,
    0.31483433680381967,
    0.3133169853679103,
    0.31235949810748886,
    0.31177195641502475,
    0.31138684355523116,
    0.3111464598171598,
    0.31096516531427665,
    0.3108274569311792,
    0.3107195311510107,
    0.31065484123628206,
    0.31060133074082663,
    0.3105871692512959,
    0.3105722118473412,
    0.3105702396643949,
    0.3105680239288129,
    0.31056636214787414,
    0.31056636214787414,
    0.31056636214787414,
    0.31056636214787414,
    0.31056636214787414,
    0.31056636214787414,
    0.31056636214787414,
    0.31056636214787414,
    0.31056636214787414,
    0.31056636214787414,
    0.31056636214787414,
    0.31056636214787414,
    0.31056636214787414
  ],
  "aurc": 0.4845,
  "degenerate": false
}