{
  "thresholds": [
    6.124928127974271e-05,
    0.00012249856255948542,
    0.00018374784383922815,
    0.00024499712511897085,
    0.00030624640639871355,
    0.0003674956876784563,
    0.000428744968958199,
    0.0004899942502379417,
    0.0005512435315176844,
    0.0006124928127974271,
    0.0006737420940771698,
    0.0007349913753569126,
    0.0007962406566366552,
    0.000857489937916398,
    0.0009187392191961406,
    0.0009799885004758834,
    0.0010412377817556261,
    0.001102487063035369,
    0.0011637363443151114,
    0.0012249856255948542,
    0.001286234906874597,
    0.0013474841881543397,
    0.0014087334694340824,
    0.0014699827507138252,
    0.0015312320319935677,
    0.0015924813132733105,
    0.0016537305945530532,
    0.001714979875832796,
    0.0017762291571125387,
    0.0018374784383922813,
    0.001898727719672024,
    0.0019599770009517668,
    0.0020212262822315095,
    0.0020824755635112523,
    0.002143724844790995,
    0.002204974126070738,
    0.0022662234073504805,
    0.002327472688630223,
    0.0023887219699099656,
    0.0024499712511897084,
    0.002511220532469451,
    0.002572469813749194,
    0.0026337190950289366,
    0.0026949683763086794,
    0.002756217657588422,
    0.002817466938868165,
    0.0028787162201479076,
    0.0029399655014276504,
    0.0030012147827073927,
    0.003062464063987136
  ],
  "coverage": [
    0.1662826925725683,
    0.30409423201984787,
    0.390474280942111,
    0.4622299555585001,
    0.5322159902225213,
    0.6013149383764295,
    0.6657350631055351,
    0.7216298819833218,
    0.7687887817031434,
    0.8083401474641844,
    0.8411592100606211,
    0.867933601016802,
    0.889595040126368,
    0.9070403774302038,
    0.9211580942285329,
    0.9328858381729644,
    0.9427306154685711,
    0.9512046627833385,
    0.9586064652008585,
    0.9653778224885496,
    0.9716362457131997,
    0.9774692579542265,
    0.982533392146983,
    0.9866598786881302,
    0.990080252735968,
    0.9928133439569847,
    0.9949201744185033,
    0.9965266239279731,
    0.9976487325716618,
    0.9984350454963099,
    0.9989863362873825,
    0.9993367773025805,
    0.9995494827943923,
    0.999707442774377,
    0.9998120520326451,
    0.9998776071678264,
    0.9999257274266297,
    0.999950833648614,
    0.9999710581052125,
    0.9999804729384566,
    0.9999916312593385,
    0.9999958156296693,
    0.9999986052098898,
    0.9999989539074173,
    0.9999996513024725,
    0.9999996513024725,
    0.9999996513024725,
    0.9999996513024725,
    0.9999996513024725,
    1.0
  ],
  "risk": [
    0.9910885980957741,
    0.9098553391606604,
    0.8012238959260527,
    0.7185879576518404,
    0.6497238633444644,
    0.5878207810791474,
    0.5397605998295583,
    0.5106639639735249,
    0.49164542157275026,
    0.47553846248819365,
    0.4605303893221181,
    0.4468419107738729,
    0.43419206361017504,
    0.42289470052795397,
    0.412364088532736,
    0.40250223840506183,
    0.39251527494908345,
    0.3827449729554888,
    0.37324523023408573,
    0.3636564068101308,
    0.3542949021871328,
    0.3453544239044304,
    0.33770818070339714,
    0.3315084597298419,
    0.3264880271720537,
    0.3224786329570196,
    0.3194739992020216,
    0.3171809236093798,
    0.31561336391916883,
    0.3145514402095907,
    0.3138433211792593,
    0.31339187010698366,
    0.3131294690950105,
    0.312930895902233,
    0.3128143561228358,
    0.3127351875815543,
    0.31268461595370545,
    0.31265561513535356,
    0.3126331646505922,
    0.3126219967599826,
    0.312611054087061,
    0.3126059788294886,
    0.3126062031668837,
    0.31260563926524676,
    0.31260563926524676,
    0.31260563926524676,
    0.31260563926524676,
    0.31260563926524676,
    0.31260563926524676,
    0.31260563926524676
  ],
  "aurc": 0.5379,
  "degenerate": false
}