{
  "thresholds": [
    6.066047586500645e-05,
    0.0001213209517300129,
    0.00018198142759501935,
    0.0002426419034600258,
    0.00030330237932503225,
    0.0003639628551900387,
    0.00042462333105504514,
    0.0004852838069200516,
    0.000545944282785058,
    0.0006066047586500645,
    0.000667265234515071,
    0.0007279257103800774,
    0.0007885861862450838,
    0.0008492466621100903,
    0.0009099071379750968,
    0.0009705676138401032,
    0.0010312280897051096,
    0.001091888565570116,
    0.0011525490414351226,
    0.001213209517300129,
    0.0012738699931651354,
    0.001334530469030142,
    0.0013951909448951484,
    0.0014558514207601548,
    0.0015165118966251612,
    0.0015771723724901676,
    0.0016378328483551742,
    0.0016984933242201806,
    0.001759153800085187,
    0.0018198142759501936,
    0.0018804747518152,
    0.0019411352276802064,
    0.0020017957035452128,
    0.002062456179410219,
    0.0021231166552752256,
    0.002183777131140232,
    0.0022444376070052388,
    0.002305098082870245,
    0.0023657585587352516,
    0.002426419034600258,
    0.0024870795104652644,
    0.0025477399863302707,
    0.002608400462195277,
    0.002669060938060284,
    0.0027297214139252904,
    0.0027903818897902968,
    0.002851042365655303,
    0.0029117028415203096,
    0.002972363317385316,
    0.0030330237932503223
  ],
  "coverage": [
    0.16830095386208663,
    0.29767122356218934,
    0.3808603414097492,
    0.45555135181314,
    0.5264673627831642,
    0.5920953757477383,
    0.6518649215517738,
    0.7049213425552207,
    0.750715091454644,
    0.7899341484719202,
    0.8232835800077759,
    0.851411266068418,
    0.8749466056910924,
    0.8943153585569501,
    0.9102180579988598,
    0.9236195500755802,
    0.9346199109775212,
    0.9438056499460391,
    0.9514693242067567,
    0.9578375871525883,
    0.9633696734273306,
    0.9681803045175508,
    0.9724389474216433,
    0.9762652053915611,
    0.9796050303105326,
    0.9826097569055187,
    0.985332038503181,
    0.9880159633728117,
    0.9905136837627253,
    0.9926972276803071,
    0.994507316545872,
    0.9959355816187585,
    0.9970210770220533,
    0.9978502797425914,
    0.9984402759592234,
    0.9989023001832406,
    0.9992415828775566,
    0.9994909016097622,
    0.9996680399537627,
    0.9998019398043458,
    0.9998762123777162,
    0.9999281683093226,
    0.999961991969496,
    0.9999790781483464,
    0.9999884929815905,
    0.999994420839559,
    0.9999965130247244,
    0.9999986052098898,
    0.9999996513024725,
    1.0
  ],
  "risk": [
    0.9783264033264033,
    0.8802907517932432,
    0.7817332489010032,
    0.6927855861753855,
    0.627494104096967,
    0.5793914291153759,
    0.5399241388792289,
    0.5074800238090944,
    0.481894159576007,
    0.4611595289699342,
    0.4432992637307358,
    0.4270405159422481,
    0.41323795246556283,
    0.40188574023076995,
    0.39213299249796907,
    0.3835078352677107,
    0.37624868751503593,
    0.36986785805283917,
    0.36430644512382715,
    0.3594010791898893,
    0.3547207350149736,
    0.35020421680097136,
    0.3457484287365069,
    0.34146747994904414,
    0.3375271005231111,
    0.3336750543046204,
    0.3300939503902173,
    0.3263689618237837,
    0.322807587650738,
    0.31969751597008444,
    0.3171074246824489,
    0.31511440870165575,
    0.31361270686082743,
    0.31248521190994394,
    0.31167776046404794,
    0.3110634495727541,
    0.310602144052158,
    0.31026018038695335,
    0.3100216978816346,
    0.3098434925864909,
    0.3097464264296519,
    0.3096810104289527,
    0.3096460962497942,
    0.30962891914671264,
    0.3096228245037024,
    0.3096172841273477,
    0.30961562205310544,
    0.3096139599967076,
    0.30961285196902244,
    0.30961285196902244
  ],
  "aurc": 0.5168,
  "degenerate": false
}