{
  "variant": "E",
  "overall": {
    "iou": 0.166,
    "f1": 0.2847,
    "precision": 0.1661,
    "recall": 0.9968,
    "accuracy": 0.2057,
    "tp": 453423,
    "fp": 2276440,
    "fn": 1441,
    "tn": 136511,
    "ece": 0.4958,
    "brier": 0.3762,
    "mean_variance": 0.0009
  },
  "per_event": {
    "Bolivia": {
      "iou": 0.166,
      "f1": 0.2847,
      "precision": 0.1661,
      "recall": 0.9968,
      "accuracy": 0.2057,
      "tp": 453423,
      "fp": 2276440,
      "fn": 1441,
      "tn": 136511,
      "ece": 0.4958,
      "brier": 0.3762,
      "mean_variance": 0.0009,
      "n_chips": 15
    }
  },
  "calibration": {
    "bin_accs": [
      0.0,
      0.0,
      0.0,
      0.0,
      0.0,
      0.00018059233843814582,
      0.006965955253690481,
      0.020247027277946472,
      0.027259482070803642,
      0.15133464336395264,
      0.2277998924255371,
      0.28844520449638367,
      0.270467609167099,
      0.20176395773887634,
      0.3377663791179657
    ],
    "bin_confs": [
      0.0,
      0.0,
      0.0,
      0.0,
      0.3218855857849121,
      0.3784741759300232,
      0.4379582405090332,
      0.5021963715553284,
      0.5722159743309021,
      0.6313563585281372,
      0.6931455135345459,
      0.7636058330535889,
      0.8328905701637268,
      0.9040031433105469,
      0.9460082054138184
    ]
  }
}