{
  "variant": "E",
  "overall": {
    "iou": 0.1667,
    "f1": 0.2858,
    "precision": 0.1668,
    "recall": 0.995,
    "accuracy": 0.2111,
    "tp": 452578,
    "fp": 2260026,
    "fn": 2286,
    "tn": 152925,
    "ece": 0.496,
    "brier": 0.3771,
    "mean_variance": 0.001
  },
  "per_event": {
    "Bolivia": {
      "iou": 0.1667,
      "f1": 0.2858,
      "precision": 0.1668,
      "recall": 0.995,
      "accuracy": 0.2111,
      "tp": 452578,
      "fp": 2260026,
      "fn": 2286,
      "tn": 152925,
      "ece": 0.496,
      "brier": 0.3771,
      "mean_variance": 0.001,
      "n_chips": 15
    }
  },
  "calibration": {
    "bin_accs": [
      0.0,
      0.0,
      0.0,
      0.0,
      0.0,
      0.00015434480155818164,
      0.012372329831123352,
      0.020613227039575577,
      0.02477617748081684,
      0.15984146296977997,
      0.1995042860507965,
      0.27165040373802185,
      0.2806590795516968,
      0.19156664609909058,
      0.3545929491519928
    ],
    "bin_confs": [
      0.0,
      0.0,
      0.0,
      0.0,
      0.3208237588405609,
      0.3782167434692383,
      0.4376286566257477,
      0.501525342464447,
      0.5726091861724854,
      0.6317073106765747,
      0.6934608221054077,
      0.7631667852401733,
      0.8327957987785339,
      0.9047613739967346,
      0.9443634748458862
    ]
  }
}