{
  "thresholds": [
    0.0002209405042231083,
    0.0004418810084462166,
    0.0006628215126693248,
    0.0008837620168924332,
    0.0011047025211155415,
    0.0013256430253386496,
    0.001546583529561758,
    0.0017675240337848663,
    0.0019884645380079747,
    0.002209405042231083,
    0.0024303455464541913,
    0.0026512860506772993,
    0.0028722265549004076,
    0.003093167059123516,
    0.0033141075633466243,
    0.0035350480675697326,
    0.003755988571792841,
    0.003976929076015949,
    0.004197869580239057,
    0.004418810084462166,
    0.004639750588685274,
    0.004860691092908383,
    0.005081631597131491,
    0.0053025721013545985,
    0.005523512605577707,
    0.005744453109800815,
    0.005965393614023924,
    0.006186334118247032,
    0.006407274622470141,
    0.006628215126693249,
    0.006849155630916357,
    0.007070096135139465,
    0.007291036639362573,
    0.007511977143585682,
    0.00773291764780879,
    0.007953858152031899,
    0.008174798656255007,
    0.008395739160478114,
    0.008616679664701223,
    0.008837620168924332,
    0.009058560673147439,
    0.009279501177370548,
    0.009500441681593657,
    0.009721382185816765,
    0.009942322690039872,
    0.010163263194262981,
    0.01038420369848609,
    0.010605144202709197,
    0.010826084706932306,
    0.011047025211155415
  ],
  "coverage": [
    0.33748376377137296,
    0.4806896539700085,
    0.563664322838119,
    0.6256679737012325,
    0.6736836232462694,
    0.7143215305031879,
    0.7501714720091777,
    0.784741344891494,
    0.8184325000043587,
    0.849675798473751,
    0.8777637330162511,
    0.9026938627491662,
    0.9235714298167769,
    0.9401537407399013,
    0.9534959542369364,
    0.9643843832325307,
    0.9733295209070321,
    0.9804523653025038,
    0.9855935616488511,
    0.9892405890896031,
    0.991749119102871,
    0.9935958212088297,
    0.9950188558188028,
    0.9960238020932313,
    0.996842195190415,
    0.9974269609441334,
    0.9979095583222767,
    0.998301843040782,
    0.9986327569944365,
    0.9988974184178547,
    0.9991209335330208,
    0.9993116710805962,
    0.9994626571100298,
    0.9995906291026444,
    0.999690007897999,
    0.9997642804713693,
    0.9998239077485821,
    0.9998730740999681,
    0.9999142204082202,
    0.9999424649079526,
    0.9999560641115274,
    0.9999714068027401,
    0.9999804729384566,
    0.9999870981914802,
    0.9999905851667559,
    0.9999947695370865,
    0.999997559117307,
    0.9999982565123622,
    0.9999993026049449,
    1.0
  ],
  "risk": [
    0.8548676900441292,
    0.8394897749702763,
    0.8318921359992082,
    0.8305212573767174,
    0.8307106075569737,
    0.8313262858300554,
    0.8315165324443411,
    0.8314235599824824,
    0.8311403006637206,
    0.8309486703917348,
    0.8307272856087695,
    0.830579074311316,
    0.8308351135976314,
    0.8311518239104397,
    0.83142077883297,
    0.8318267990775168,
    0.8323461350101499,
    0.8327852724056156,
    0.8330299782495701,
    0.8331711878878831,
    0.8332275727597678,
    0.8332479433556454,
    0.8332725645896782,
    0.8332996112190342,
    0.8333091989560684,
    0.8333154034842364,
    0.8333142993976681,
    0.8333133177236136,
    0.8333103713505182,
    0.8333072407765881,
    0.8333067501317802,
    0.8333049087792826,
    0.8333042952003097,
    0.8333032517570096,
    0.8333034360951137,
    0.8333021469952087,
    0.8333012875764125,
    0.833300244025968,
    0.8332995074185572,
    0.8332989549461414,
    0.8332983410721482,
    0.8332980955383795,
    0.8332977886020386,
    0.8332978500049726,
    0.8332978500049726,
    0.8332978500049726,
    0.8332978500049726,
    0.8332978500049726,
    0.8332978500049726,
    0.8332978500049726
  ],
  "aurc": 0.5533,
  "degenerate": false
}