{
  "thresholds": [
    0.00024264691397547723,
    0.00048529382795095446,
    0.0007279407419264317,
    0.0009705876559019089,
    0.0012132345698773863,
    0.0014558814838528634,
    0.0016985283978283405,
    0.0019411753118038179,
    0.002183822225779295,
    0.0024264691397547725,
    0.0026691160537302494,
    0.0029117629677057268,
    0.003154409881681204,
    0.003397056795656681,
    0.0036397037096321584,
    0.0038823506236076357,
    0.004124997537583113,
    0.00436764445155859,
    0.004610291365534067,
    0.004852938279509545,
    0.005095585193485022,
    0.005338232107460499,
    0.005580879021435977,
    0.0058235259354114536,
    0.0060661728493869305,
    0.006308819763362408,
    0.006551466677337885,
    0.006794113591313362,
    0.00703676050528884,
    0.007279407419264317,
    0.0075220543332397945,
    0.007764701247215271,
    0.00800734816119075,
    0.008249995075166225,
    0.008492641989141703,
    0.00873528890311718,
    0.008977935817092657,
    0.009220582731068135,
    0.009463229645043612,
    0.00970587655901909,
    0.009948523472994566,
    0.010191170386970044,
    0.010433817300945522,
    0.010676464214920998,
    0.010919111128896476,
    0.011161758042871953,
    0.01140440495684743,
    0.011647051870822907,
    0.011889698784798385,
    0.012132345698773861
  ],
  "coverage": [
    0.37991781199275404,
    0.5164342888226751,
    0.5885226208803567,
    0.6473799739522947,
    0.6988146027550591,
    0.7460456828630857,
    0.7894909539143913,
    0.8279958783952243,
    0.8636965773594182,
    0.8937312901982869,
    0.9189313118175335,
    0.9396617285285138,
    0.9562761196241738,
    0.9685568978473158,
    0.9775027329168723,
    0.9843026834018234,
    0.9889553545120588,
    0.9920493476741004,
    0.9941816330551309,
    0.9957828521016872,
    0.9968313855670606,
    0.9975148327210785,
    0.99797197517971,
    0.9983126526641363,
    0.9985734784147513,
    0.998789322184311,
    0.9990044685588156,
    0.9992018313594148,
    0.9993472382284073,
    0.9994776511037149,
    0.9995847012446758,
    0.9996736191142037,
    0.9997377794592748,
    0.9997932223661569,
    0.9998430861125979,
    0.999881094143102,
    0.9999075951551966,
    0.9999281683093226,
    0.9999504849510864,
    0.9999668737348818,
    0.9999766372656534,
    0.9999811703335117,
    0.9999867494939527,
    0.9999916312593385,
    0.9999954669321417,
    0.999996861722252,
    0.9999982565123622,
    0.9999989539074173,
    0.9999993026049449,
    1.0
  ],
  "risk": [
    0.8672753672671069,
    0.8539476056303792,
    0.8489906379125727,
    0.8469954366246975,
    0.8447513836995473,
    0.8441949398442034,
    0.8442692086808327,
    0.8440178345519993,
    0.8436106563623045,
    0.8429627047169215,
    0.8418568840262548,
    0.8405635792526636,
    0.8391826868688392,
    0.8378677470551841,
    0.8366059421556521,
    0.835520669868272,
    0.8347876558860816,
    0.8343320760297706,
    0.834073033749153,
    0.833903028255889,
    0.8338405695527638,
    0.8338522599719751,
    0.8338801204912063,
    0.8339051768767443,
    0.8339261474463049,
    0.833944191508436,
    0.8339570287764723,
    0.833969567034997,
    0.833982982608205,
    0.8339916402409832,
    0.8339937756410515,
    0.8339990360556216,
    0.8340000358895087,
    0.833999818364519,
    0.8339993606430773,
    0.8339967117910486,
    0.8339933988565537,
    0.833992164329391,
    0.8339912337711077,
    0.8339903683680011,
    0.833989141184013,
    0.8339888329519451,
    0.8339887070684437,
    0.83398919188073,
    0.8339898604725751,
    0.8339897374688563,
    0.8339899805916525,
    0.8339901021527836,
    0.8339901629332824,
    0.8339902844941464
  ],
  "aurc": 0.526,
  "degenerate": false
}