{
  "variant": "B",
  "overall": {
    "iou": 0.4411,
    "f1": 0.6122,
    "precision": 0.4529,
    "recall": 0.9444,
    "accuracy": 0.8102,
    "tp": 429578,
    "fp": 518920,
    "fn": 25286,
    "tn": 1894031,
    "ece": 0.2404,
    "brier": 0.1392,
    "mean_variance": 0.0
  },
  "per_event": {
    "Bolivia": {
      "iou": 0.4411,
      "f1": 0.6122,
      "precision": 0.4529,
      "recall": 0.9444,
      "accuracy": 0.8102,
      "tp": 429578,
      "fp": 518920,
      "fn": 25286,
      "tn": 1894031,
      "ece": 0.2404,
      "brier": 0.1392,
      "mean_variance": 0.0,
      "n_chips": 15
    }
  },
  "calibration": {
    "bin_accs": [
      0.0,
      0.0003379492263775319,
      0.0019548526033759117,
      0.009702039882540703,
      0.025458524003624916,
      0.05323392525315285,
      0.08758847415447235,
      0.1264946311712265,
      0.18417903780937195,
      0.24864941835403442,
      0.2552588880062103,
      0.33307087421417236,
      0.41335591673851013,
      0.4806937873363495,
      0.797179102897644
    ],
    "bin_confs": [
      0.06387174874544144,
      0.10731188952922821,
      0.16515938937664032,
      0.23000727593898773,
      0.29541268944740295,
      0.363658607006073,
      0.4318346381187439,
      0.4995223581790924,
      0.5852469205856323,
      0.6251206398010254,
      0.6978954076766968,
      0.7673041224479675,
      0.8359960913658142,
      0.9054672122001648,
      0.9617888331413269
    ]
  }
}