{
  "overall": {
    "ece": 0.2372,
    "brier": 0.2062,
    "mean_variance": 0.0004
  },
  "per_event": {
    "Bolivia": {
      "ece": 0.2372,
      "brier": 0.2062,
      "mean_variance": 0.0004,
      "n_chips": 15
    }
  },
  "calibration": {
    "bin_accs": [
      0.007071007043123245,
      0.019577182829380035,
      0.03441718965768814,
      0.06769847869873047,
      0.12322205305099487,
      0.16259469091892242,
      0.2040523886680603,
      0.23731568455696106,
      0.26070618629455566,
      0.28631502389907837,
      0.30869266390800476,
      0.34039977192878723,
      0.34615686535835266,
      0.3685154914855957,
      0.4021206200122833
    ],
    "bin_confs": [
      0.026457978412508965,
      0.09850174188613892,
      0.16581867635250092,
      0.23556527495384216,
      0.2946699857711792,
      0.36476024985313416,
      0.4317256808280945,
      0.49930527806282043,
      0.5663431286811829,
      0.6333737373352051,
      0.7003233432769775,
      0.7674751281738281,
      0.8343439102172852,
      0.9023610353469849,
      0.9819489121437073
    ]
  }
}