{
  "variant": "A",
  "overall": {
    "iou": 0.4082,
    "f1": 0.5797,
    "precision": 0.4129,
    "recall": 0.9728,
    "accuracy": 0.7763,
    "tp": 442508,
    "fp": 629237,
    "fn": 12356,
    "tn": 1783714,
    "ece": 0.4023,
    "brier": 0.2314,
    "mean_variance": 0.0
  },
  "per_event": {
    "Bolivia": {
      "iou": 0.4082,
      "f1": 0.5797,
      "precision": 0.4129,
      "recall": 0.9728,
      "accuracy": 0.7763,
      "tp": 442508,
      "fp": 629237,
      "fn": 12356,
      "tn": 1783714,
      "ece": 0.4023,
      "brier": 0.2314,
      "mean_variance": 0.0,
      "n_chips": 15
    }
  },
  "calibration": {
    "bin_accs": [
      0.0,
      0.0,
      0.0,
      0.0,
      0.0,
      0.00022480759071186185,
      0.006849130615592003,
      0.04439115896821022,
      0.11575530469417572,
      0.1536170244216919,
      0.19340959191322327,
      0.21041816473007202,
      0.2630479037761688,
      0.4635518491268158,
      0.7405688166618347
    ],
    "bin_confs": [
      0.0,
      0.0,
      0.0,
      0.0,
      0.0,
      0.3876427114009857,
      0.43411362171173096,
      0.49756279587745667,
      0.5625176429748535,
      0.6324352025985718,
      0.7007871270179749,
      0.7709835171699524,
      0.8322005271911621,
      0.9049743413925171,
      0.9704155921936035
    ]
  }
}