epoch,train_loss,val_loss,train_iou,val_iou,lr
0,,,,,9.999999747378752e-05
1,,,,,9.990232501877472e-05
2,,,,,9.960967872757465e-05
3,,,,,9.912321547744796e-05
4,,,,,9.844486339716241e-05
5,,,,,9.757730003912002e-05
6,,,,,9.652393782744184e-05
7,,,,,9.528893860988319e-05
8,,,,,9.387717727804556e-05
9,,,,,9.229423449141905e-05
10,,,,,9.054633846972138e-05
11,,,,,8.864040864864364e-05
12,,,,,8.658394654048607e-05
13,,,,,8.43850793899037e-05
14,,,,,8.205248741433024e-05
