{
  "variant": "C",
  "overall": {
    "iou": 0.6623,
    "f1": 0.7968,
    "precision": 0.7892,
    "recall": 0.8046,
    "accuracy": 0.9349,
    "tp": 365981,
    "fp": 97728,
    "fn": 88883,
    "tn": 2315223,
    "ece": 0.3699,
    "brier": 0.1936,
    "mean_variance": 0.0
  },
  "per_event": {
    "Bolivia": {
      "iou": 0.6623,
      "f1": 0.7968,
      "precision": 0.7892,
      "recall": 0.8046,
      "accuracy": 0.9349,
      "tp": 365981,
      "fp": 97728,
      "fn": 88883,
      "tn": 2315223,
      "ece": 0.3699,
      "brier": 0.1936,
      "mean_variance": 0.0,
      "n_chips": 15
    }
  },
  "calibration": {
    "bin_accs": [
      0.0,
      0.0,
      0.0,
      0.0,
      1.4063708476896863e-05,
      0.0015764242270961404,
      0.008194884285330772,
      0.121097132563591,
      0.7912163734436035,
      0.9176657199859619,
      0.9674129486083984,
      0.9671052694320679,
      0.0,
      0.0,
      0.0
    ],
    "bin_confs": [
      0.0,
      0.0,
      0.0,
      0.0,
      0.320072203874588,
      0.3701759874820709,
      0.4363829493522644,
      0.48338553309440613,
      0.5665191411972046,
      0.6346930861473083,
      0.6897052526473999,
      0.7380077838897705,
      0.0,
      0.0,
      0.0
    ]
  }
}