{
  "variant": "D_plus",
  "overall": {
    "iou": 0.65,
    "f1": 0.7879,
    "precision": 0.6903,
    "recall": 0.9175,
    "accuracy": 0.9216,
    "tp": 417320,
    "fp": 187193,
    "fn": 37544,
    "tn": 2225758,
    "ece": 0.324,
    "brier": 0.1601,
    "mean_variance": 0.0048
  },
  "per_event": {
    "Bolivia": {
      "iou": 0.65,
      "f1": 0.7879,
      "precision": 0.6903,
      "recall": 0.9175,
      "accuracy": 0.9216,
      "tp": 417320,
      "fp": 187193,
      "fn": 37544,
      "tn": 2225758,
      "ece": 0.324,
      "brier": 0.1601,
      "mean_variance": 0.0048,
      "n_chips": 15
    }
  },
  "calibration": {
    "bin_accs": [
      0.0,
      0.0,
      0.0,
      0.0,
      0.00011919319513253868,
      0.0036513160448521376,
      0.016713105142116547,
      0.1727348417043686,
      0.37605148553848267,
      0.5472820401191711,
      0.7244692444801331,
      0.8832501173019409,
      0.947975754737854,
      0.920540452003479,
      0.0
    ],
    "bin_confs": [
      0.0,
      0.0,
      0.0,
      0.26335835456848145,
      0.31611165404319763,
      0.3687220811843872,
      0.4268147349357605,
      0.49355006217956543,
      0.5643884539604187,
      0.6335242390632629,
      0.701705813407898,
      0.7697556018829346,
      0.8322744369506836,
      0.8755514025688171,
      0.0
    ]
  }
}