{
  "variant": "D_plus",
  "overall": {
    "iou": 0.6563,
    "f1": 0.7925,
    "precision": 0.6932,
    "recall": 0.925,
    "accuracy": 0.9232,
    "tp": 420756,
    "fp": 186243,
    "fn": 34108,
    "tn": 2226708,
    "ece": 0.3223,
    "brier": 0.1587,
    "mean_variance": 0.0044
  },
  "per_event": {
    "Bolivia": {
      "iou": 0.6563,
      "f1": 0.7925,
      "precision": 0.6932,
      "recall": 0.925,
      "accuracy": 0.9232,
      "tp": 420756,
      "fp": 186243,
      "fn": 34108,
      "tn": 2226708,
      "ece": 0.3223,
      "brier": 0.1587,
      "mean_variance": 0.0044,
      "n_chips": 15
    }
  },
  "calibration": {
    "bin_accs": [
      0.0,
      0.0,
      0.0,
      0.0,
      0.0010561462258920074,
      0.0036709599662572145,
      0.017930245026946068,
      0.16216766834259033,
      0.40892916917800903,
      0.5765287280082703,
      0.7437061667442322,
      0.8881513476371765,
      0.9427800178527832,
      0.7075552940368652,
      0.0
    ],
    "bin_confs": [
      0.0,
      0.0,
      0.0,
      0.2613232135772705,
      0.31616851687431335,
      0.36865001916885376,
      0.42743659019470215,
      0.4942312240600586,
      0.5639984011650085,
      0.633698582649231,
      0.7020388245582581,
      0.7685242891311646,
      0.8279402852058411,
      0.8749536871910095,
      0.0
    ]
  }
}