{
  "thresholds": [
    0.0004891538992524147,
    0.0009783077985048294,
    0.0014674616977572441,
    0.001956615597009659,
    0.0024457694962620735,
    0.0029349233955144882,
    0.003424077294766903,
    0.003913231194019318,
    0.004402385093271732,
    0.004891538992524147,
    0.005380692891776562,
    0.0058698467910289764,
    0.006359000690281391,
    0.006848154589533806,
    0.0073373084887862206,
    0.007826462388038635,
    0.00831561628729105,
    0.008804770186543465,
    0.00929392408579588,
    0.009783077985048294,
    0.010272231884300709,
    0.010761385783553123,
    0.011250539682805538,
    0.011739693582057953,
    0.012228847481310368,
    0.012718001380562782,
    0.013207155279815197,
    0.013696309179067612,
    0.014185463078320026,
    0.014674616977572441,
    0.015163770876824856,
    0.01565292477607727,
    0.016142078675329685,
    0.0166312325745821,
    0.017120386473834515,
    0.01760954037308693,
    0.018098694272339344,
    0.01858784817159176,
    0.019077002070844173,
    0.019566155970096588,
    0.020055309869349003,
    0.020544463768601418,
    0.021033617667853832,
    0.021522771567106247,
    0.02201192546635866,
    0.022501079365611076,
    0.02299023326486349,
    0.023479387164115906,
    0.02396854106336832,
    0.024457694962620735
  ],
  "coverage": [
    0.013078249468672143,
    0.048465469355589534,
    0.12742488619384446,
    0.19093246949332507,
    0.23659162114711024,
    0.30268444791592203,
    0.3922463617771718,
    0.48777832600777943,
    0.5772049452283359,
    0.6539979043278593,
    0.7184347665382879,
    0.7712938247411357,
    0.8143795886415267,
    0.8496810289366643,
    0.8786968476000021,
    0.9041074825258951,
    0.9254707852493972,
    0.9417668155023947,
    0.9525286672954846,
    0.9590214152586551,
    0.9638219341205762,
    0.9680380359263062,
    0.9718824261676573,
    0.9753641709803457,
    0.9784790859940408,
    0.9815437885637672,
    0.9844191483760284,
    0.9870779670236748,
    0.9893818115882649,
    0.991346373458539,
    0.9930985785345289,
    0.9946422624890379,
    0.9960217099080659,
    0.9971427724591719,
    0.9979761595500407,
    0.9986341517845467,
    0.999104893446753,
    0.9993981480674311,
    0.999585398639731,
    0.9996914026881092,
    0.9997803205576371,
    0.999851803550787,
    0.9998971342293698,
    0.9999379318400943,
    0.9999658276422991,
    0.9999804729384566,
    0.9999909338642834,
    0.9999958156296693,
    0.9999979078148347,
    1.0
  ],
  "risk": [
    0.9384765625,
    0.9226525143187431,
    0.9049212278707163,
    0.8803690155750339,
    0.8209911188880452,
    0.6402036366671187,
    0.4265683297180043,
    0.36851186506314404,
    0.3540552209643545,
    0.3501369809464553,
    0.3459396002700085,
    0.3447871429073309,
    0.3445205600247915,
    0.34424742620521975,
    0.344296268172686,
    0.344675212768491,
    0.3449206948246779,
    0.34476046154528195,
    0.3439694417850374,
    0.3435928465011673,
    0.34312628899500197,
    0.3428771444936404,
    0.34282723745399557,
    0.34311581632831856,
    0.3435067220627208,
    0.3437859613635784,
    0.3436568527850703,
    0.34368554354483605,
    0.3437451898041861,
    0.3440060619237846,
    0.3440743572204563,
    0.34395899953495734,
    0.34374940447832303,
    0.3436112072275337,
    0.34361241801156295,
    0.3435756995558624,
    0.34358693269019946,
    0.3436526890852246,
    0.34371591360143017,
    0.34374482601347656,
    0.34375004879175985,
    0.34374463462372906,
    0.3437248366135466,
    0.3436917349659635,
    0.343673801771894,
    0.3436793640443584,
    0.34368199962251256,
    0.34369477222564515,
    0.34369935470386104,
    0.34370393709630376
  ],
  "aurc": 0.5134,
  "degenerate": false
}