{
  "thresholds": [
    0.000576838068664074,
    0.001153676137328148,
    0.0017305142059922218,
    0.002307352274656296,
    0.00288419034332037,
    0.0034610284119844436,
    0.004037866480648518,
    0.004614704549312592,
    0.005191542617976666,
    0.00576838068664074,
    0.006345218755304814,
    0.006922056823968887,
    0.007498894892632961,
    0.008075732961297035,
    0.00865257102996111,
    0.009229409098625184,
    0.009806247167289258,
    0.010383085235953332,
    0.010959923304617406,
    0.01153676137328148,
    0.012113599441945554,
    0.012690437510609628,
    0.013267275579273702,
    0.013844113647937775,
    0.014420951716601849,
    0.014997789785265923,
    0.015574627853929997,
    0.01615146592259407,
    0.016728303991258145,
    0.01730514205992222,
    0.017881980128586293,
    0.018458818197250367,
    0.01903565626591444,
    0.019612494334578515,
    0.02018933240324259,
    0.020766170471906664,
    0.021343008540570738,
    0.02191984660923481,
    0.022496684677898886,
    0.02307352274656296,
    0.023650360815227034,
    0.024227198883891108,
    0.024804036952555182,
    0.025380875021219256,
    0.02595771308988333,
    0.026534551158547404,
    0.02711138922721148,
    0.02768822729587555,
    0.028265065364539623,
    0.028841903433203697
  ],
  "coverage": [
    0.013810165579020962,
    0.06850825454222118,
    0.14503620352079893,
    0.2113699802811548,
    0.2747820204580839,
    0.3573783525087915,
    0.45232799186837364,
    0.5508263259659357,
    0.6364319176794877,
    0.7027276864093395,
    0.7594562410755227,
    0.8116091867850611,
    0.8576972363977453,
    0.89134550171472,
    0.9136154180098786,
    0.9289019689205894,
    0.9400895803948303,
    0.949790694309082,
    0.9582982165864953,
    0.9649966960909264,
    0.9703084055282506,
    0.974789866152454,
    0.978665987868813,
    0.9820375442627924,
    0.9850576135489911,
    0.9876972538326217,
    0.9900101645329283,
    0.9919088225704935,
    0.9934762179568766,
    0.9947259498956522,
    0.9956810324236396,
    0.9964610687927917,
    0.9971134818668568,
    0.9976811614417248,
    0.9981843319739941,
    0.998614973420531,
    0.9990013302810676,
    0.9993029536424072,
    0.9995153104366914,
    0.9996795469721722,
    0.9997974067364875,
    0.9998601722914484,
    0.9999086412477792,
    0.9999435110005352,
    0.999970709407685,
    0.9999829138211496,
    0.9999902364692284,
    0.9999965130247244,
    0.9999986052098898,
    1.0
  ],
  "risk": [
    0.9337271116361489,
    0.9122536658260951,
    0.8839253225851597,
    0.8183497649576558,
    0.7290362636527203,
    0.5822228522823929,
    0.49162597193248625,
    0.4178763347058413,
    0.3928797845246166,
    0.3821395294476675,
    0.36228764701360594,
    0.35094034618374126,
    0.34653579955145053,
    0.34406869292874953,
    0.3425430332900882,
    0.3407491780031776,
    0.3391149811263293,
    0.3377030779800091,
    0.3367877495551368,
    0.3360765592231447,
    0.3359360336348962,
    0.3360741005379959,
    0.3363909008990418,
    0.3369221058118145,
    0.33740866780102097,
    0.3378934568845069,
    0.33853132650699425,
    0.3393524786965556,
    0.3403503762510287,
    0.3414131521820615,
    0.34241569554155904,
    0.34342331393195913,
    0.34434923104353077,
    0.34520236635731116,
    0.34602496663264504,
    0.34679705681844897,
    0.3475084989979552,
    0.348195007327461,
    0.3487068945333536,
    0.349143242172512,
    0.34946124250946253,
    0.3496297081302131,
    0.3497627747177837,
    0.3498625164551835,
    0.34994150844350147,
    0.3499769473277592,
    0.3499982088036522,
    0.35001643181885433,
    0.3500225059301958,
    0.3500265552746874
  ],
  "aurc": 0.5394,
  "degenerate": false
}