{
  "variant": "D",
  "overall": {
    "iou": 0.6898,
    "f1": 0.8164,
    "precision": 0.7813,
    "recall": 0.8548,
    "accuracy": 0.939,
    "tp": 388827,
    "fp": 108842,
    "fn": 66037,
    "tn": 2304109,
    "ece": 0.364,
    "brier": 0.1952,
    "mean_variance": 0.0004
  },
  "per_event": {
    "Bolivia": {
      "iou": 0.6898,
      "f1": 0.8164,
      "precision": 0.7813,
      "recall": 0.8548,
      "accuracy": 0.939,
      "tp": 388827,
      "fp": 108842,
      "fn": 66037,
      "tn": 2304109,
      "ece": 0.364,
      "brier": 0.1952,
      "mean_variance": 0.0004,
      "n_chips": 15
    }
  },
  "calibration": {
    "bin_accs": [
      0.0,
      0.0,
      0.0,
      0.0,
      0.0,
      0.00014817644841969013,
      0.0044051725417375565,
      0.2921549379825592,
      0.8023854494094849,
      0.9496572017669678,
      0.9759615659713745,
      0.0,
      0.0,
      0.0,
      0.0
    ],
    "bin_confs": [
      0.0,
      0.0,
      0.0,
      0.0,
      0.32948973774909973,
      0.38817325234413147,
      0.43450993299484253,
      0.48977068066596985,
      0.5666329264640808,
      0.6225588917732239,
      0.6701428294181824,
      0.0,
      0.0,
      0.0,
      0.0
    ]
  }
}