{
  "thresholds": [
    5.46834385022521e-05,
    0.0001093668770045042,
    0.0001640503155067563,
    0.0002187337540090084,
    0.0002734171925112605,
    0.0003281006310135126,
    0.00038278406951576467,
    0.0004374675080180168,
    0.0004921509465202689,
    0.000546834385022521,
    0.0006015178235247731,
    0.0006562012620270252,
    0.0007108847005292773,
    0.0007655681390315293,
    0.0008202515775337815,
    0.0008749350160360336,
    0.0009296184545382857,
    0.0009843018930405377,
    0.0010389853315427898,
    0.001093668770045042,
    0.001148352208547294,
    0.0012030356470495462,
    0.0012577190855517983,
    0.0013124025240540504,
    0.0013670859625563025,
    0.0014217694010585547,
    0.0014764528395608066,
    0.0015311362780630587,
    0.0015858197165653108,
    0.001640503155067563,
    0.001695186593569815,
    0.0017498700320720672,
    0.0018045534705743193,
    0.0018592369090765714,
    0.0019139203475788235,
    0.0019686037860810754,
    0.0020232872245833275,
    0.0020779706630855797,
    0.002132654101587832,
    0.002187337540090084,
    0.002242020978592336,
    0.002296704417094588,
    0.0023513878555968403,
    0.0024060712940990924,
    0.0024607547326013445,
    0.0025154381711035966,
    0.0025701216096058487,
    0.002624805048108101,
    0.002679488486610353,
    0.002734171925112605
  ],
  "coverage": [
    0.1389169106096453,
    0.27057254390537744,
    0.35468989457130257,
    0.4203248814864278,
    0.4843133186764139,
    0.5491633874570012,
    0.612440132993237,
    0.6710617665365444,
    0.7230860428584132,
    0.7689157076031753,
    0.8089284001931785,
    0.8435857961549124,
    0.8727348172737781,
    0.8971398085301876,
    0.9173004534811345,
    0.9339472734468576,
    0.9477100161621304,
    0.9590214152586551,
    0.9681625209436453,
    0.9754593654053696,
    0.9812501852455615,
    0.9857581468818596,
    0.9892248977008629,
    0.9919534558540213,
    0.9940006590383271,
    0.9955802588381747,
    0.9967267763087926,
    0.9976194419793466,
    0.9982547688745613,
    0.9987133061233029,
    0.9990717671816348,
    0.999313414568234,
    0.999481486776518,
    0.999611550954298,
    0.9997140680274007,
    0.9997935710636844,
    0.9998497113656215,
    0.9998894628837635,
    0.999921543056299,
    0.9999424649079526,
    0.9999640841546613,
    0.9999734989879054,
    0.9999822164260944,
    0.9999888416791181,
    0.9999905851667559,
    0.9999930260494488,
    0.9999947695370865,
    0.999996861722252,
    0.9999986052098898,
    1.0
  ],
  "risk": [
    0.9945435225869447,
    0.9295468355240014,
    0.817191423198546,
    0.7194088474205849,
    0.6461462149418212,
    0.5873293733527398,
    0.5385459476374257,
    0.5021384207799032,
    0.47499672689185646,
    0.45009390452643594,
    0.42616216392799977,
    0.40453922438119805,
    0.3861614458683581,
    0.3706976298373452,
    0.3584894001027068,
    0.34841019576928134,
    0.33980903123135076,
    0.3325679718501984,
    0.3268748138607137,
    0.3223238978287586,
    0.31884898177033005,
    0.3164012947815056,
    0.3145837291140844,
    0.31327009442653153,
    0.31232393609014475,
    0.31168782440122567,
    0.3112390543453647,
    0.31092537207149473,
    0.3107694988982769,
    0.31064246465307055,
    0.31054854719012115,
    0.3104887182665177,
    0.3104313232607804,
    0.31038620119238003,
    0.3103463574525327,
    0.31031441697379647,
    0.3102925155342321,
    0.31027820162520847,
    0.31026554042186283,
    0.3102572836720139,
    0.3102484769565387,
    0.3102446241757306,
    0.3102380196312532,
    0.31023526782071253,
    0.31023526782071253,
    0.3102330664074281,
    0.3102325160589885,
    0.3102314153679673,
    0.31023086502538555,
    0.31023086502538555
  ],
  "aurc": 0.5346,
  "degenerate": false
}