{
  "overall": {
    "ece": 0.0784,
    "brier": 0.0532,
    "mean_variance": 0.0004
  },
  "per_event": {
    "Bolivia": {
      "ece": 0.0784,
      "brier": 0.0532,
      "mean_variance": 0.0004,
      "n_chips": 15
    }
  },
  "calibration": {
    "bin_accs": [
      0.0010008721146732569,
      0.004713174421340227,
      0.012335199862718582,
      0.05495566129684448,
      0.15760459005832672,
      0.24356748163700104,
      0.3307267129421234,
      0.41924044489860535,
      0.5149592757225037,
      0.606414258480072,
      0.6744134426116943,
      0.7357614040374756,
      0.739540159702301,
      0.7575958967208862,
      0.9102075695991516
    ],
    "bin_confs": [
      0.0313708633184433,
      0.10047049075365067,
      0.1607833355665207,
      0.23282590508460999,
      0.29398930072784424,
      0.36464688181877136,
      0.43155550956726074,
      0.4994524121284485,
      0.5666559934616089,
      0.6337090134620667,
      0.7007962465286255,
      0.7675349712371826,
      0.8334344625473022,
      0.9024642109870911,
      0.9790790677070618
    ]
  }
}